UserID,Grade (%),Number of Question Tested,Number of Question Answered,Number of Correct Answer,Total Marks,Total Possible Marks,Time Used (min),Time Submitted,Question 1,Q1 Correct Answer,Q1 User Answer,Question 2,Q2 Correct Answer,Q2 User Answer,Question 3,Q3 Correct Answer,Q3 User Answer,Question 4,Q4 Correct Answer,Q4 User Answer,Question 5,Q5 Correct Answer,Q5 User Answer,Question 6,Q6 Correct Answer,Q6 User Answer,Question 7,Q7 Correct Answer,Q7 User Answer,Question 8,Q8 Correct Answer,Q8 User Answer,Question 9,Q9 Correct Answer,Q9 User Answer

UserID: clement ,25.00,4,4,1,2.00,8.00,1,Sat Nov 27 14:39:06 2021,x + 3 = 4. What is x?,a),d),2x + 3 = 10x. What is x?,c),Not Tested,6 + 8 = ? ,b),Not Tested,3x + 4y = 3y + 10. Express x in terms of y ,a),d),"x = y + 10. If x = 3, what is y ? ",b),Not Tested,x + y = 10x + y. What is x? ,a),Not Tested,Do expansion for (x+3)(x-4) ,c),Not Tested,Factorise x^2 - 25 ,c),d),12^n = 144. What is n? ,d),d)

UserID: johnL ,0.00,4,4,0,0.00,8.00,1,Sat Nov 27 14:42:18 2021,x + 3 = 4. What is x?,a),Not Tested,2x + 3 = 10x. What is x?,c),a),6 + 8 = ? ,b),a),3x + 4y = 3y + 10. Express x in terms of y ,a),Not Tested,"x = y + 10. If x = 3, what is y ? ",b),a),x + y = 10x + y. What is x? ,a),Not Tested,Do expansion for (x+3)(x-4) ,c),a),Factorise x^2 - 25 ,c),Not Tested,12^n = 144. What is n? ,d),Not Tested
